gitlab	10.3.1	http://charts.gitlab.io/	280
keycloak	25.2.0	https://charts.bitnami.com/bitnami	273
rabbitmq	16.0.14	https://charts.bitnami.com/bitnami	215
gitlab-runner	0.92.1	http://charts.gitlab.io/	209
kafka	32.4.3	https://charts.bitnami.com/bitnami	204
mysql	14.0.3	https://charts.bitnami.com/bitnami	199
elasticsearch	8.5.1	https://helm.elastic.co	194
mongodb	19.1.40	https://charts.bitnami.com/bitnami	193
nextcloud	9.2.6	https://nextcloud.github.io/helm/	190
rancher	2.15.1	https://releases.rancher.com/server-charts/stable	139
argo-workflows	2.0.3	https://argoproj.github.io/argo-helm	138
gitea	12.7.0	https://dl.gitea.com/charts	134
sonarqube	2026.4.1	https://SonarSource.github.io/helm-chart-sonarqube	133
pgadmin4	1.66.0	https://helm.runix.net/	109
thanos	17.3.1	https://charts.bitnami.com/bitnami	107
wordpress	33.0.11	https://charts.bitnami.com/bitnami	107
nginx	25.1.9	https://charts.bitnami.com/bitnami	106
authentik	2026.8.1	https://charts.goauthentik.io/	104
argocd-apps	2.0.5	https://argoproj.github.io/argo-helm	99
nginx-ingress	2.7.0	https://helm.nginx.com/stable	98
artifact-hub	1.23.0	https://artifacthub.github.io/helm-charts/	95
pihole	2.38.0	https://mojo2600.github.io/pihole-kubernetes/	93
consul	2.0.3	https://helm.releases.hashicorp.com	89
n8n	1.24.36	https://community-charts.github.io/helm-charts	89
mariadb	27.0.7	https://charts.bitnami.com/bitnami	86
eck-operator	3.5.0	https://helm.elastic.co	84
base	1.31.0-rc.0	https://istio-release.storage.googleapis.com/charts	83
alloy	1.12.1	https://grafana.github.io/helm-charts	83
prometheus-blackbox-exporter	11.18.0	https://prometheus-community.github.io/helm-charts	82
kibana	8.5.1	https://helm.elastic.co	81
descheduler	0.36.0	https://kubernetes-sigs.github.io/descheduler/	81
argo-rollouts	2.43.0	https://argoproj.github.io/argo-helm	79
jupyterhub	5.0.0-0.dev.git.7499.hfef2b70f	https://jupyterhub.github.io/helm-chart/	77
mimir-distributed	6.3.0-weekly.410	https://grafana.github.io/helm-charts	77
gateway	1.31.0-rc.0	https://istio-release.storage.googleapis.com/charts	74
metabase	2.27.6	https://pmint93.github.io/helm-charts	67
redis-cluster	13.0.4	https://charts.bitnami.com/bitnami	66
argocd-image-updater	1.3.0	https://argoproj.github.io/argo-helm	65
headlamp	0.45.0	https://kubernetes-sigs.github.io/headlamp/	65
dex	0.24.1	https://charts.dexidp.io	64
uptime-kuma	4.2.0	https://dirsigler.github.io/uptime-kuma-helm	62
kubeview	2.0.6	https://code.benco.io/kubeview/deploy/helm	60
postgresql-ha	16.3.2	https://charts.bitnami.com/bitnami	60
alertmanager	1.42.0	https://prometheus-community.github.io/helm-charts	59
nfs-server-provisioner	1.8.0	https://kvaps.github.io/charts	59
superset	0.22.4	http://apache.github.io/superset/	58
kong	3.4.1	https://charts.konghq.com	57
ollama	1.79.0	https://otwld.github.io/ollama-helm/	57
chartmuseum	3.10.4	https://chartmuseum.github.io/charts	56
prometheus-node-exporter	4.56.3	https://prometheus-community.github.io/helm-charts	55
opentelemetry-collector	0.172.0	https://open-telemetry.github.io/opentelemetry-helm-charts	55
redis-ha	4.39.0	https://dandydeveloper.github.io/charts/	53
rook-ceph	1.20.7	https://charts.rook.io/release	50
spark	10.0.3	https://charts.bitnami.com/bitnami	49
argo-events	2.4.25	https://argoproj.github.io/argo-helm	48
logstash	8.5.1	https://helm.elastic.co	46
prometheus-postgres-exporter	8.2.0	https://prometheus-community.github.io/helm-charts	46
minecraft	5.2.0	https://itzg.github.io/minecraft-server-charts/	45
opensearch	3.8.0	https://opensearch-project.github.io/helm-charts	45
victoria-metrics-k8s-stack	0.91.2	https://victoriametrics.github.io/helm-charts/	45
k8s-monitoring	4.5.0	https://grafana.github.io/helm-charts	44
kured	6.1.0	https://kubereboot.github.io/charts	43
aws-node-termination-handler	0.21.0	https://aws.github.io/eks-charts	43
kafka-ui	1.6.5	https://ui.charts.kafbat.io/	42
openebs	4.6.0	https://openebs.github.io/openebs	41
prometheus-adapter	5.3.0	https://prometheus-community.github.io/helm-charts	41
etcd	12.0.18	https://charts.bitnami.com/bitnami	41
home-assistant	0.3.79	http://pajikos.github.io/home-assistant-helm-chart	41
rabbitmq-cluster-operator	4.4.34	https://charts.bitnami.com/bitnami	41
tigera-operator	3.32.2	https://docs.projectcalico.org/charts/	41
keycloakx	7.3.1	https://codecentric.github.io/helm-charts	40
open-webui	16.5.0	https://helm.openwebui.com	40
goldilocks	11.1.0	https://charts.fairwinds.com/stable	39
actions-runner-controller	0.23.7	https://actions-runner-controller.github.io/actions-runner-controller	39
kube-prometheus	11.3.10	https://charts.bitnami.com/bitnami	38
nginx-ingress-controller	12.0.7	https://charts.bitnami.com/bitnami	38
aws-for-fluent-bit	0.2.0	https://aws.github.io/eks-charts	37
prometheus-operator-crds	31.0.1	https://prometheus-community.github.io/helm-charts	36
jira	2.0.14	https://atlassian.github.io/data-center-helm-charts	35
mlflow	1.11.6	https://community-charts.github.io/helm-charts	35
odoo	28.2.10	https://charts.bitnami.com/bitnami	35
qdrant	1.19.0	https://qdrant.github.io/qdrant-helm	34
influxdb	7.1.20	https://charts.bitnami.com/bitnami	34
vector	0.58.0	https://helm.vector.dev	34
zookeeper	13.8.7	https://charts.bitnami.com/bitnami	34
filebeat	8.5.1	https://helm.elastic.co	33
terraform	1.1.2	https://helm.releases.hashicorp.com	33
x509-certificate-exporter	4.2.0	https://charts.enix.io	33
fluentd	7.2.5	https://charts.bitnami.com/bitnami	33
opentelemetry-operator	0.122.0	https://open-telemetry.github.io/opentelemetry-helm-charts	33
vpa	5.0.1	https://charts.fairwinds.com/stable	33
ghost	25.0.4	https://charts.bitnami.com/bitnami	32
kubernetes-event-exporter	3.6.3	https://charts.bitnami.com/bitnami	32
prometheus-pushgateway	3.8.0	https://prometheus-community.github.io/helm-charts	31
clickhouse	9.4.4	https://charts.bitnami.com/bitnami	31
mariadb-galera	16.0.1	https://charts.bitnami.com/bitnami	31
matrix-synapse	3.12.36	https://ananace.gitlab.io/charts	31
apisix	2.17.0	https://charts.apiseven.com	31
trino	1.42.2	https://trinodb.github.io/charts/	31
dagster	1.13.20	https://dagster-io.github.io/helm	30
mailhog	5.8.0	https://codecentric.github.io/helm-charts	30
phpmyadmin	20.0.0	https://charts.bitnami.com/bitnami	30
prometheus-redis-exporter	6.30.0	https://prometheus-community.github.io/helm-charts	30
zabbix	7.1.0	https://zabbix-community.github.io/helm-zabbix/	30
artifactory	107.161.20	https://charts.jfrog.io	30
rook-ceph-cluster	1.20.7	https://charts.rook.io/release	29
netdata	3.7.173	https://netdata.github.io/helmchart	29
nexus3	5.25.1	https://stevehipwell.github.io/helm-charts/	29
connect	2.4.1	https://1password.github.io/connect-helm-charts	29
step-certificates	1.30.1	https://smallstep.github.io/helm-charts/	29
opencost	2.5.30	https://opencost.github.io/opencost-helm-chart/	28
graylog	3.0.30	https://charts.kong-z.com/	28
node-problem-detector	2.4.1	https://raw.githubusercontent.com/deliveryhero/helm-charts/refs/heads/master/	28
prometheus-elasticsearch-exporter	7.4.0	https://prometheus-community.github.io/helm-charts	28
openfaas	15.0.13	https://openfaas.github.io/faas-netes	28
jaeger-operator	2.57.0	https://jaegertracing.github.io/helm-charts	27
openmetadata	2.0.1	https://helm.open-metadata.org	27
policy-reporter	3.10.0	https://kyverno.github.io/policy-reporter	27
zitadel	11.0.0-beta.4	https://charts.zitadel.com	27
mail	5.1.0	https://bokysan.github.io/docker-postfix/	27
strimzi-kafka-operator	1.2.0	https://strimzi.io/charts	27
vaultwarden	1.4.2	https://gissilabs.github.io/charts/	27
drone	0.6.5	https://charts.drone.io	26
netbox	8.3.68	https://charts.netbox.oss.netboxlabs.com/	26
cassandra	12.3.11	https://charts.bitnami.com/bitnami	26
memcached	8.7.11	https://charts.bitnami.com/bitnami	26
valkey	0.12.0	https://valkey.io/valkey-helm/	26
keydb	0.48.0	https://enapter.github.io/charts/	26
vault-secrets-operator	1.5.1	https://helm.releases.hashicorp.com	25
discourse	17.0.1	https://charts.bitnami.com/bitnami	25
gatekeeper	3.24.0-beta.0	https://open-policy-agent.github.io/gatekeeper/charts	25
gitlab-agent	2.30.0	http://charts.gitlab.io/	25
linkerd-viz	30.12.11	https://helm.linkerd.io/stable	25
kyverno-policies	3.9.0	https://kyverno.github.io/kyverno/	24
redpanda	26.2.3	https://charts.redpanda.com	24
openldap-stack-ha	4.3.3	https://jp-gouin.github.io/helm-openldap/	24
snapshot-controller	5.2.0	https://piraeus.io/helm-charts/	24
crowdsec	0.24.0	https://crowdsecurity.github.io/helm-charts	24
rocketchat	7.0.2	https://rocketchat.github.io/helm-charts	24
zammad	18.0.4	https://zammad.github.io/zammad-helm	23
contour	21.1.4	https://charts.bitnami.com/bitnami	23
linkerd-control-plane	1.16.11	https://helm.linkerd.io/stable	23
mongodb-sharded	9.4.12	https://charts.bitnami.com/bitnami	23
victoria-metrics-cluster	0.49.0	https://victoriametrics.github.io/helm-charts/	23
confluence	2.0.14	https://atlassian.github.io/data-center-helm-charts	22
trust-manager	0.24.0	https://charts.jetstack.io	22
mailu	2.7.3	https://mailu.github.io/helm-charts/	22
influxdb2	2.1.2	https://helm.influxdata.com/	22
ceph-csi-cephfs	3.17.1	https://ceph.github.io/csi-charts	21
ceph-csi-rbd	3.17.1	https://ceph.github.io/csi-charts	21
solr-operator	0.9.1	https://solr.apache.org/charts	21
csi-driver-nfs	4.13.4	https://raw.githubusercontent.com/kubernetes-csi/csi-driver-nfs/master/charts	21
datahub	1.1.3	https://helm.datahubproject.io	21
linkerd-crds	1.8.0	https://helm.linkerd.io/stable	21
cost-analyzer	2.9.7	https://kubecost.github.io/cost-analyzer	21
mariadb-operator	26.6.0	https://helm.mariadb.com/mariadb-operator	21
podinfo	6.15.0	https://stefanprodan.github.io/podinfo	21
portainer	245.0.0	https://portainer.github.io/k8s/	21
camunda-platform	15.0.0-alpha4	https://helm.camunda.io	20
coder	2.37.0	https://helm.coder.com/v2	20
nxrm-ha	96.0.0	https://sonatype.github.io/helm3-charts/	20
chaos-mesh	2.8.4	https://charts.chaos-mesh.org	20
clamav	3.7.2	https://wiremind.github.io/wiremind-helm-charts	20
reflector	10.0.65	https://emberstack.github.io/helm-charts	20
spinnaker	2.2.7	https://helmcharts.opsmx.com/	20
vcluster	0.37.0-rc.4	https://charts.loft.sh	20
atlantis	6.15.0	https://runatlantis.github.io/helm-charts	20
grafana-agent	0.44.2	https://grafana.github.io/helm-charts	20
milvus	4.0.31	https://raw.githubusercontent.com/milvus-io/milvus-helm/gh-pages	20
meshery	1.0.68	https://meshery.io/charts/	19
cloudflared	2.2.17	https://community-charts.github.io/helm-charts	19
outline	0.9.4	https://community-charts.github.io/helm-charts	19
prometheus-mysql-exporter	2.15.0	https://prometheus-community.github.io/helm-charts	19
victoria-metrics-operator	0.67.3	https://victoriametrics.github.io/helm-charts/	19
flagger	1.45.0	https://flagger.app	19
clearml	7.15.0	https://clearml.github.io/clearml-helm-charts	18
cni	1.31.0-rc.0	https://istio-release.storage.googleapis.com/charts	18
datadog-operator	2.26.0-dev.4	https://helm.datadoghq.com	18
penpot	1.9.0	https://helm.penpot.app	18
semaphore	16.2.2	https://semaphoreui.github.io/charts/	18
weblate	0.5.33	https://helm.weblate.org	18
cluster	0.8.1	https://cloudnative-pg.io/charts/	18
local-path-provisioner	0.0.38	https://charts.containeroo.ch	18
opensearch-dashboards	3.8.0	https://opensearch-project.github.io/helm-charts	18
tomcat	13.6.22	https://charts.bitnami.com/bitnami	18
seaweedfs	4.45.0	https://seaweedfs.github.io/seaweedfs/helm	18
dependency-track	2.3.0	https://dependencytrack.github.io/helm-charts	17
openfga	0.3.13	https://openfga.github.io/helm-charts	17
flowise	6.0.0	https://cowboysysop.github.io/charts/	17
grafana-loki	6.0.6	https://charts.bitnami.com/bitnami	17
locust	0.35.0	https://raw.githubusercontent.com/deliveryhero/helm-charts/refs/heads/master/	17
mailpit	0.36.0	https://jouve.github.io/charts/	17
node-red	0.40.2	https://schwarzit.github.io/node-red-chart/	17
prometheus-kafka-exporter	3.1.1	https://prometheus-community.github.io/helm-charts	17
prometheus-mongodb-exporter	3.22.0	https://prometheus-community.github.io/helm-charts	17
community-operator	0.13.0	https://mongodb.github.io/helm-charts	17
keel	1.2.2	https://charts.keel.sh	17
postgres	1.6.8	https://groundhog2k.github.io/helm-charts/	17
fission-all	1.27.0	https://fission.github.io/fission-charts/	16
bitcoin-core	2.1.7	https://charts.hiro.so/hirosystems	16
grafana-operator	4.9.37	https://charts.bitnami.com/bitnami	16
mongo-express	7.0.0	https://cowboysysop.github.io/charts/	16
moodle	28.0.0	https://charts.bitnami.com/bitnami	16
nacos	2.1.10	https://ygqygq2.github.io/charts/	16
node-local-dns	2.9.2	https://raw.githubusercontent.com/deliveryhero/helm-charts/refs/heads/master/	16
redmine	34.0.0	https://charts.bitnami.com/bitnami	16
emqx	5.8.9	https://repos.emqx.io/charts	16
kubeshark	53.4.0	https://helm.kubeshark.com/	15
solr	0.9.1	https://solr.apache.org/charts	15
ztunnel	1.31.0-rc.0	https://istio-release.storage.googleapis.com/charts	15
code-server	1.1.1	https://nicholaswilde.github.io/helm-charts/	15
dify	0.10.0	https://douban.github.io/charts/	15
dragonfly	1.8.3	https://dragonflyoss.github.io/helm-charts/	15
drupal	23.0.0	https://charts.bitnami.com/bitnami	15
matomo	11.0.0	https://charts.bitnami.com/bitnami	15
mattermost-team-edition	6.6.106	https://helm.mattermost.com	15
tempo-distributed	3.5.1	https://grafana-community.github.io/helm-charts/	15
victoria-logs-single	0.13.9	https://victoriametrics.github.io/helm-charts/	15
artifactory-oss	107.161.20	https://charts.jfrog.io	15
awx	3.4.3	https://adwerx.github.io/charts/	15
nifi	1.2.1	https://cetic.github.io/helm-charts	15
secrets-store-csi-driver	1.6.0	https://kubernetes-sigs.github.io/secrets-store-csi-driver/charts	15
metricbeat	8.5.1	https://helm.elastic.co	14
jitsi-meet	3.5.0	https://jitsi-contrib.github.io/jitsi-helm/	14
kube-image-keeper	2.3.1	https://charts.enix.io	14
opensearch-operator	3.0.2	https://opensearch-project.github.io/opensearch-k8s-operator/	14
polaris	6.0.0	https://charts.fairwinds.com/stable	14
pxc-operator	1.20.0	https://percona.github.io/percona-helm-charts	14
rundeck	3.1.0	https://eugenmayer.github.io/helm-charts/	14
kestra	1.3.37	https://helm.kestra.io/	13
langfuse	2.1.0	https://langfuse.github.io/langfuse-k8s/	13
meilisearch	0.38.0	https://meilisearch.github.io/meilisearch-kubernetes	13
rustfs	1.0.0-rc.5	https://charts.rustfs.com	13
sumologic	5.6.0	https://sumologic.github.io/sumologic-kubernetes-collection	13
tetragon	1.7.1	https://helm.cilium.io/	13
botkube	1.14.0	https://charts.botkube.io/	13
democratic-csi	0.15.1	https://democratic-csi.github.io/charts/	13
eclipse-che	7.121.0	https://eclipse-che.github.io/che-operator/charts	13
plantuml	3.48.0	https://stevehipwell.github.io/helm-charts/	13
pytorch	5.9.19	https://charts.bitnami.com/bitnami	13
vertical-pod-autoscaler	11.1.1	https://cowboysysop.github.io/charts/	13
akhq	0.28.0	https://akhq.io/	13
guacamole	1.4.2	https://charts.beryju.org	13
juice-shop	5.8.0	https://charts.securecodebox.io/	13
mysql-operator	2.3.0	https://mysql.github.io/mysql-operator/	13
operator	7.1.1	https://operator.min.io	13
pulsar	4.7.0	https://pulsar.apache.org/charts	13
pyroscope	2.2.1	https://grafana.github.io/helm-charts	13
telegraf	1.8.75	https://helm.influxdata.com/	13
teleport-cluster	18.11.0	https://charts.releases.teleport.dev	13
unleash	5.6.8	https://docs.getunleash.io/helm-charts/	13
ingress	0.24.0	https://charts.konghq.com	12
k8tz	0.20.0	https://k8tz.github.io/k8tz/	12
okteto	1.48.0	https://charts.okteto.com	12
yourls	8.9.8	https://charts.yourls.org/	12
apache	11.4.29	https://charts.bitnami.com/bitnami	12
rbac-manager	2.0.0	https://charts.fairwinds.com/stable	12
stacks-blockchain	2.2.2	https://charts.hiro.so/hirosystems	12
victoria-metrics-single	0.45.0	https://victoriametrics.github.io/helm-charts/	12
ambassador	6.9.5	https://getambassador.io/	12
aws-vpc-cni	1.22.4	https://aws.github.io/eks-charts	12
couchdb	4.6.3	https://apache.github.io/couchdb-helm/	12
hydra	0.64.0	https://k8s.ory.sh/helm/charts	12
k6-operator	4.6.0	https://grafana.github.io/helm-charts	12
kiali-server	2.31.0	https://kiali.org/helm-charts	12
nri-bundle	8.0.22	https://helm-charts.newrelic.com	12
prometheus-msteams	1.3.6	https://prometheus-msteams.github.io/prometheus-msteams	12
vela-core	1.11.0	https://kubevela.github.io/charts	12
verdaccio	4.35.1	https://charts.verdaccio.org/	12
vllm-stack	0.1.12	https://vllm-project.github.io/production-stack	12
gocd	2.18.0	https://gocd.github.io/helm-chart	11
k8sgpt-operator	0.2.29	https://charts.k8sgpt.ai	11
node-feature-discovery	0.19.0	https://kubernetes-sigs.github.io/node-feature-discovery/charts	11
openproject	13.11.0	https://charts.openproject.org	11
san-iscsi-csi	4.0.2	https://charts.enix.io	11
volsync	0.16.0	https://backube.github.io/helm-charts/	11
actualbudget	1.9.4	https://community-charts.github.io/helm-charts	11
cluster-overprovisioner	0.7.14	https://raw.githubusercontent.com/deliveryhero/helm-charts/refs/heads/master/	11
headscale	0.16.0	https://charts.gabe565.com	11
schema-registry	26.0.5	https://charts.bitnami.com/bitnami	11
wazuh	2.0.5	https://morgoved.github.io/wazuh-helm	11
armory-spinnaker-operator	1.8.11	https://armory.jfrog.io/artifactory/charts/	11
cube	3.3.0	https://gadsme.github.io/charts	11
erpnext	8.0.78	https://helm.erpnext.com	11
hadoop	1.3.0	https://pfisterer.github.io/apache-hadoop-helm/	11
kratos	0.64.0	https://k8s.ory.sh/helm/charts	11
oncall	1.16.5	https://grafana.github.io/helm-charts	11
telepresence	2.20.3-test.0	https://getambassador.io/	11
temporal	1.6.0	https://temporalio.github.io/helm-charts	11
apm-server	8.5.1	https://helm.elastic.co	10
eck-stack	0.20.0	https://helm.elastic.co	10
gadget	0.55.1	https://inspektor-gadget.github.io/charts	10
hpe-csi-driver	3.2.0	https://hpe-storage.github.io/co-deployments/	10
kwatch	0.10.5	https://kwatch.dev/charts	10
prometheus-snmp-exporter	9.17.1	https://prometheus-community.github.io/helm-charts	10
trident-operator	100.2606.1	https://netapp.github.io/trident-helm-chart	10
weaviate	17.8.3	https://weaviate.github.io/weaviate-helm	10
chatwoot	2.0.24	https://chatwoot.github.io/charts/	10
csi-driver-smb	1.20.3	https://raw.githubusercontent.com/kubernetes-csi/csi-driver-smb/master/charts	10
kube-downscaler	0.7.6	https://raw.githubusercontent.com/deliveryhero/helm-charts/refs/heads/master/	10
lemmy	0.6.15	https://ananace.gitlab.io/charts	10
neo4j	2026.7.1	https://neo4j.github.io/helm-charts/	10
openbao	0.29.4	https://openbao.github.io/openbao-helm	10
paperless-ngx	0.24.1	https://charts.gabe565.com	10
stacks-blockchain-api	6.5.1	https://charts.hiro.so/hirosystems	10
victoria-metrics-agent	0.46.0	https://victoriametrics.github.io/helm-charts/	10
apisix-ingress-controller	1.3.0	https://charts.apiseven.com	10
artifactory-jcr	107.161.20	https://charts.jfrog.io	10
dapr	1.18.4-rc.3	https://dapr.github.io/helm-charts/	10
emissary-ingress	8.12.2	https://getambassador.io/	10
hostpath-provisioner	0.2.13	https://charts.rimusz.net	10
imgproxy	1.1.0	https://helm.imgproxy.net/	10
pxc-db	1.20.0	https://percona.github.io/percona-helm-charts	10
redash	4.2.0	https://getredash.github.io/contrib-helm-chart/	10
synapse	0.40.0	https://halkeye.github.io/helm-charts/	10
zot	0.1.122	https://zotregistry.dev/helm-charts/	10
connector	0.1.35	https://twingate.github.io/helm-charts	9
console	3.9.0	https://charts.redpanda.com	9
eck-operator-crds	3.5.0	https://helm.elastic.co	9
kube-starrocks	1.11.7	https://starrocks.github.io/starrocks-kubernetes-operator	9
ngrok-operator	0.24.0	https://charts.ngrok.com	9
open-feature-operator	0.9.3	https://open-feature.github.io/open-feature-operator	9
factorio-server-charts	2.5.2	https://sqljames.github.io/factorio-server-charts/	9
falcon-sensor	1.37.0	https://crowdstrike.github.io/falcon-helm	9
gotenberg	1.25.0	https://maikumori.github.io/helm-charts/	9
jellyfin	2.0.0	https://utkuozdemir.org/helm-charts	9
k8gb	1.0.0	https://www.k8gb.io	9
k8up	4.10.0	https://k8up-io.github.io/k8up	9
karma	2.13.1	https://wiremind.github.io/wiremind-helm-charts	9
linkerd-jaeger	30.12.11	https://helm.linkerd.io/stable	9
netbird	0.15.1	https://charts.jaconi.io	9
openclaw	1.5.40	https://serhanekicii.github.io/openclaw-helm	9
openldap	2.0.4	https://jp-gouin.github.io/helm-openldap/	9
openvpn-as	0.1.9	https://charts.stenic.io/	9
prometheus-cloudwatch-exporter	0.28.1	https://prometheus-community.github.io/helm-charts	9
pypiserver	0.1.9	https://community-charts.github.io/helm-charts	9
renovate-operator	6.2.0	https://helm.mogenius.com/public	9
yugabyte	2026.1.1	https://charts.yugabyte.com	9
autocert	1.20.7	https://smallstep.github.io/helm-charts/	9
aws-cloudwatch-metrics	0.0.11	https://aws.github.io/eks-charts	9
aws-ebs-csi-driver	2.65.1	https://kubernetes-sigs.github.io/aws-ebs-csi-driver/	9
dask	2024.1.1	https://helm.dask.org/	9
dgraph	25.0.0-preview6	https://charts.dgraph.io	9
gcloud-sqlproxy	0.25.6	https://charts.rimusz.net	9
localstack	0.7.0	https://helm.localstack.cloud	9
skywalking	8.1.0-alpha.1	https://openchart.choerodon.com.cn/choerodon/c7n	9
trivy	0.26.0	https://aquasecurity.github.io/helm-charts/	9
amd-gpu	0.22.0	https://rocm.github.io/k8s-device-plugin/	8
flagsmith	0.83.0	https://flagsmith.github.io/flagsmith-charts/	8
